Stellar_Type,Mass,Luminosity,Radius,Temp,Color_Index,Abs_Mag,Bolo_Mag
O0Ia0,160.0,3.41e+07,8.02e+01,50000,-0.35,-9.5,-14.08
O0Ia,150.0,2.59e+06,2.21e+01,50000,-0.35,-6.7,-11.28
O0Ib,140.0,2.15e+06,2.02e+01,50000,-0.35,-6.5,-11.08
O0II,130.0,2.15e+06,2.02e+01,50000,-0.35,-6.5,-11.08
O0III,120.0,2.15e+06,2.02e+01,50000,-0.35,-6.5,-11.08
O0IV,110.0,1.36e+06,1.60e+01,50000,-0.35,-6.0,-10.58
O0V,100.0,1.24e+06,1.53e+01,50000,-0.35,-5.9,-10.48
O0VI,60.0,9.40e+05,1.33e+01,50000,-0.35,-5.6,-10.18
O1Ia0,159.7,2.71e+07,7.88e+01,47600,-0.35,-9.4,-13.83
O1Ia,149.3,2.25e+06,2.27e+01,47600,-0.35,-6.7,-11.13
O1Ib,139.0,1.87e+06,2.07e+01,47600,-0.35,-6.5,-10.93
O1II,128.6,1.73e+06,1.98e+01,47800,-0.35,-6.4,-10.84
O1III,118.2,1.58e+06,1.89e+01,47800,-0.35,-6.3,-10.74
O1IV,107.9,1.09e+06,1.57e+01,47800,-0.35,-5.9,-10.34
O1V,97.5,9.94e+05,1.50e+01,47800,-0.35,-5.8,-10.24
O1VI,37.0,7.54e+05,1.31e+01,47800,-0.35,-5.5,-9.94
O2Ia0,159.4,2.14e+07,7.77e+01,45200,-0.35,-9.3,-13.58
O2Ia,148.6,2.14e+06,2.46e+01,45200,-0.35,-6.8,-11.08
O2Ib,137.9,1.62e+06,2.14e+01,45200,-0.35,-6.5,-10.78
O2II,127.2,1.52e+06,2.03e+01,45600,-0.35,-6.4,-10.70
O2III,116.5,1.26e+06,1.85e+01,45600,-0.35,-6.2,-10.50
O2IV,105.7,8.72e+05,1.54e+01,45600,-0.35,-5.8,-10.10
O2V,95.0,7.95e+05,1.47e+01,45600,-0.35,-5.7,-10.00
O2VI,30.0,6.03e+05,1.28e+01,45600,-0.35,-5.4,-9.70
O3Ia0,159.0,1.68e+07,7.69e+01,42800,-0.34,-9.2,-13.32
O3Ia,148.0,1.85e+06,2.55e+01,42800,-0.34,-6.8,-10.92
O3Ib,136.9,1.40e+06,2.22e+01,42800,-0.34,-6.5,-10.62
O3II,125.8,1.21e+06,2.00e+01,43400,-0.34,-6.3,-10.46
O3III,114.7,9.17e+05,1.75e+01,43400,-0.34,-6.0,-10.16
O3IV,103.6,6.96e+05,1.52e+01,43400,-0.34,-5.7,-9.86
O3V,92.5,6.34e+05,1.45e+01,43400,-0.34,-5.6,-9.76
O3VI,23.0,4.81e+05,1.26e+01,43400,-0.34,-5.3,-9.46
O4Ia0,158.7,1.32e+07,7.64e+01,40400,-0.33,-9.1,-13.05
O4Ia,147.3,1.74e+06,2.77e+01,40400,-0.33,-6.9,-10.85
O4Ib,135.8,1.20e+06,2.31e+01,40400,-0.33,-6.5,-10.45
O4II,124.4,9.60e+05,1.98e+01,41200,-0.34,-6.2,-10.21
O4III,112.9,7.28e+05,1.73e+01,41200,-0.34,-5.9,-9.91
O4IV,101.5,5.52e+05,1.50e+01,41200,-0.34,-5.6,-9.61
O4V,90.0,5.04e+05,1.44e+01,41200,-0.34,-5.5,-9.51
O4VI,20.0,3.82e+05,1.25e+01,41200,-0.34,-5.2,-9.21
O5Ia0,158.4,1.03e+07,7.62e+01,38000,-0.33,-9.0,-12.78
O5Ia,142.0,1.48e+06,2.90e+01,38000,-0.33,-6.9,-10.68
O5Ib,125.6,1.03e+06,2.41e+01,38000,-0.33,-6.5,-10.28
O5II,109.2,7.59e+05,1.97e+01,39000,-0.33,-6.1,-9.95
O5III,92.8,5.25e+05,1.64e+01,39000,-0.33,-5.7,-9.55
O5IV,76.4,4.37e+05,1.49e+01,39000,-0.33,-5.5,-9.35
O5V,60.0,3.98e+05,1.42e+01,39000,-0.33,-5.4,-9.25
O5VI,17.5,3.02e+05,1.24e+01,39000,-0.33,-5.1,-8.95
O6Ia0,136.7,7.81e+06,7.66e+01,35400,-0.32,-8.9,-12.48
O6Ia,120.1,1.36e+06,3.19e+01,35400,-0.32,-7.0,-10.58
O6Ib,103.5,7.81e+05,2.42e+01,35400,-0.32,-6.4,-9.98
O6II,86.9,6.54e+05,2.05e+01,36800,-0.32,-6.1,-9.79
O6III,70.2,3.76e+05,1.56e+01,36800,-0.32,-5.5,-9.19
O6IV,53.6,3.13e+05,1.42e+01,36800,-0.32,-5.3,-8.99
O6V,37.0,2.60e+05,1.29e+01,36800,-0.32,-5.1,-8.79
O6VI,14.2,1.80e+05,1.08e+01,36800,-0.32,-4.7,-8.39
O7Ia0,115.1,5.88e+06,7.74e+01,32800,-0.31,-8.8,-12.17
O7Ia,100.9,1.12e+06,3.38e+01,32800,-0.31,-7.0,-10.37
O7Ib,86.7,5.88e+05,2.45e+01,32800,-0.31,-6.3,-9.67
O7II,72.5,5.10e+05,2.05e+01,34600,-0.32,-6.0,-9.52
O7III,58.4,2.94e+05,1.55e+01,34600,-0.32,-5.4,-8.92
O7IV,44.2,2.23e+05,1.35e+01,34600,-0.32,-5.1,-8.62
O7V,30.0,1.54e+05,1.13e+01,34600,-0.32,-4.7,-8.22
O7VI,10.9,1.07e+05,9.36e+00,34600,-0.32,-4.3,-7.82
O8Ia0,93.4,4.37e+06,7.87e+01,30200,-0.30,-8.7,-11.85
O8Ia,81.7,9.13e+05,3.60e+01,30200,-0.30,-7.0,-10.15
O8Ib,69.9,4.37e+05,2.49e+01,30200,-0.30,-6.2,-9.35
O8II,58.2,3.60e+05,1.96e+01,32400,-0.31,-5.8,-9.14
O8III,46.5,2.07e+05,1.49e+01,32400,-0.31,-5.2,-8.54
O8IV,34.7,1.57e+05,1.30e+01,32400,-0.31,-4.9,-8.24
O8V,23.0,9.91e+04,1.03e+01,32400,-0.31,-4.4,-7.74
O8VI,7.6,5.70e+04,7.81e+00,32400,-0.31,-3.8,-7.14
O9Ia0,71.8,3.19e+06,8.05e+01,27600,-0.29,-8.6,-11.51
O9Ia,63.1,7.31e+05,3.85e+01,27600,-0.29,-7.0,-9.91
O9Ib,54.5,3.19e+05,2.55e+01,27600,-0.29,-6.1,-9.01
O9II,45.9,2.76e+05,1.98e+01,30200,-0.30,-5.7,-8.85
O9III,37.3,1.59e+05,1.50e+01,30200,-0.30,-5.1,-8.25
O9IV,28.6,1.10e+05,1.25e+01,30200,-0.30,-4.7,-7.85
O9V,20.0,5.76e+04,9.04e+00,30200,-0.30,-4.0,-7.15
O9VI,6.7,3.31e+04,6.85e+00,30200,-0.30,-3.4,-6.55
B0Ia0,50.1,2.28e+06,8.30e+01,25000,-0.27,-8.5,-11.15
B0Ia,44.7,5.73e+05,4.16e+01,25000,-0.27,-7.0,-9.65
B0Ib,39.2,2.28e+05,2.62e+01,25000,-0.27,-6.0,-8.65
B0II,33.8,1.90e+05,1.91e+01,28000,-0.29,-5.5,-8.45
B0III,28.4,1.09e+05,1.45e+01,28000,-0.29,-4.9,-7.85
B0IV,22.9,7.57e+04,1.21e+01,28000,-0.29,-4.5,-7.45
B0V,17.5,3.62e+04,8.34e+00,28000,-0.29,-3.7,-6.65
B0VI,5.9,1.90e+04,6.04e+00,28000,-0.29,-3.0,-5.95
B1Ia0,45.1,2.02e+06,8.62e+01,23790,-0.26,-8.5,-11.01
B1Ia,40.0,5.07e+05,4.32e+01,23790,-0.26,-7.0,-9.51
B1Ib,34.8,1.84e+05,2.60e+01,23790,-0.26,-5.9,-8.41
B1II,29.7,1.34e+05,1.83e+01,26190,-0.28,-5.3,-8.07
B1III,24.5,5.34e+04,1.16e+01,26190,-0.28,-4.3,-7.07
B1IV,19.4,3.70e+04,9.63e+00,26190,-0.28,-3.9,-6.67
B1V,14.2,1.94e+04,6.97e+00,26190,-0.28,-3.2,-5.97
B1VI,5.2,1.02e+04,5.05e+00,26190,-0.28,-2.5,-5.27
B2Ia0,40.1,1.62e+06,8.57e+01,22580,-0.25,-8.4,-10.77
B2Ia,35.2,4.46e+05,4.50e+01,22580,-0.25,-7.0,-9.37
B2Ib,30.4,1.62e+05,2.71e+01,22580,-0.25,-5.9,-8.27
B2II,25.5,9.36e+04,1.77e+01,24380,-0.27,-5.1,-7.68
B2III,20.6,2.83e+04,9.71e+00,24380,-0.27,-3.8,-6.38
B2IV,15.8,1.96e+04,8.08e+00,24380,-0.27,-3.4,-5.98
B2V,10.9,9.36e+03,5.59e+00,24380,-0.27,-2.6,-5.18
B2VI,4.5,5.39e+03,4.24e+00,24380,-0.27,-2.0,-4.58
B3Ia0,35.1,1.42e+06,8.95e+01,21370,-0.24,-8.4,-10.63
B3Ia,30.5,4.28e+05,4.92e+01,21370,-0.24,-7.1,-9.33
B3Ib,25.9,1.29e+05,2.70e+01,21370,-0.24,-5.8,-8.03
B3II,21.4,6.45e+04,1.71e+01,22570,-0.25,-4.9,-7.27
B3III,16.8,1.35e+04,7.82e+00,22570,-0.25,-3.2,-5.57
B3IV,12.2,9.32e+03,6.51e+00,22570,-0.25,-2.8,-5.17
B3V,7.6,4.89e+03,4.71e+00,22570,-0.25,-2.1,-4.47
B3VI,3.8,2.57e+03,3.41e+00,22570,-0.25,-1.4,-3.77
B4Ia0,30.1,1.23e+06,9.37e+01,20160,-0.23,-8.4,-10.47
B4Ia,26.2,3.38e+05,4.92e+01,20160,-0.23,-7.0,-9.07
B4Ib,22.3,1.12e+05,2.83e+01,20160,-0.23,-5.8,-7.87
B4II,18.4,4.37e+04,1.67e+01,20760,-0.24,-4.7,-6.85
B4III,14.5,6.93e+03,6.63e+00,20760,-0.24,-2.7,-4.85
B4IV,10.6,4.79e+03,5.52e+00,20760,-0.24,-2.3,-4.45
B4V,6.7,2.29e+03,3.82e+00,20760,-0.24,-1.5,-3.65
B4VI,3.4,1.32e+03,2.89e+00,20760,-0.24,-0.9,-3.05
B5Ia0,25.1,9.65e+05,9.39e+01,18950,-0.22,-8.3,-10.21
B5Ia,21.9,2.91e+05,5.16e+01,18950,-0.22,-7.0,-8.91
B5Ib,18.7,8.80e+04,2.84e+01,18950,-0.22,-5.7,-7.61
B5II,15.5,2.91e+04,1.63e+01,18950,-0.22,-4.5,-6.41
B5III,12.3,3.19e+03,5.40e+00,18950,-0.22,-2.1,-4.01
B5IV,9.1,2.21e+03,4.50e+00,18950,-0.22,-1.7,-3.61
B5V,5.9,1.16e+03,3.26e+00,18950,-0.22,-1.0,-2.91
B5VI,2.9,6.67e+02,2.47e+00,18950,-0.22,-0.4,-2.31
B6Ia0,23.2,7.58e+05,1.02e+02,17140,-0.20,-8.3,-9.95
B6Ia,20.2,2.29e+05,5.59e+01,17140,-0.20,-7.0,-8.65
B6Ib,17.2,6.31e+04,2.94e+01,17140,-0.20,-5.6,-7.25
B6II,14.2,1.74e+04,1.54e+01,17140,-0.20,-4.2,-5.85
B6III,11.2,1.74e+03,4.87e+00,17140,-0.20,-1.7,-3.35
B6IV,8.2,1.20e+03,4.05e+00,17140,-0.20,-1.3,-2.95
B6V,5.2,6.92e+02,3.07e+00,17140,-0.20,-0.7,-2.35
B6VI,2.7,3.63e+02,2.23e+00,17140,-0.20,0.0,-1.65
B7Ia0,21.4,5.33e+05,1.07e+02,15330,-0.18,-8.2,-9.57
B7Ia,18.6,1.93e+05,6.43e+01,15330,-0.18,-7.1,-8.47
B7Ib,15.8,4.43e+04,3.08e+01,15330,-0.18,-5.5,-6.87
B7II,12.9,1.11e+04,1.54e+01,15330,-0.18,-4.0,-5.37
B7III,10.1,1.01e+03,4.66e+00,15330,-0.18,-1.4,-2.77
B7IV,7.3,6.40e+02,3.70e+00,15330,-0.18,-0.9,-2.27
B7V,4.5,4.04e+02,2.94e+00,15330,-0.18,-0.4,-1.77
B7VI,2.5,1.93e+02,2.03e+00,15330,-0.18,0.4,-0.97
B8Ia0,19.5,3.67e+05,1.14e+02,13520,-0.15,-8.1,-9.16
B8Ia,16.9,1.60e+05,7.52e+01,13520,-0.15,-7.2,-8.26
B8Ib,14.3,3.34e+04,3.44e+01,13520,-0.15,-5.5,-6.56
B8II,11.7,6.99e+03,1.57e+01,13520,-0.15,-3.8,-4.86
B8III,9.0,5.30e+02,4.33e+00,13520,-0.15,-1.0,-2.06
B8IV,6.4,3.34e+02,3.44e+00,13520,-0.15,-0.5,-1.56
B8V,3.8,2.11e+02,2.73e+00,13520,-0.15,0.0,-1.06
B8VI,2.4,1.01e+02,1.89e+00,13520,-0.15,0.8,-0.26
B9Ia0,17.7,2.73e+05,1.31e+02,11710,-0.11,-8.1,-8.84
B9Ia,15.3,1.31e+05,9.05e+01,11710,-0.11,-7.3,-8.04
B9Ib,12.9,2.27e+04,3.77e+01,11710,-0.11,-5.4,-6.14
B9II,10.5,4.32e+03,1.65e+01,11710,-0.11,-3.6,-4.34
B9III,8.1,2.99e+02,4.33e+00,11710,-0.11,-0.7,-1.44
B9IV,5.7,1.72e+02,3.29e+00,11710,-0.11,-0.1,-0.84
B9V,3.4,1.19e+02,2.73e+00,11710,-0.11,0.3,-0.44
B9VI,2.1,5.20e+01,1.81e+00,11710,-0.11,1.2,0.46
A0Ia0,15.8,1.86e+05,1.51e+02,9900,-0.06,-8.0,-8.42
A0Ia,13.7,1.07e+05,1.14e+02,9900,-0.06,-7.4,-7.82
A0Ib,11.5,1.54e+04,4.35e+01,9900,-0.06,-5.3,-5.72
A0II,9.4,2.68e+03,1.81e+01,9900,-0.06,-3.4,-3.82
A0III,7.2,1.54e+02,4.35e+00,9900,-0.06,-0.3,-0.72
A0IV,5.1,8.88e+01,3.30e+00,9900,-0.06,0.3,-0.12
A0V,2.9,6.74e+01,2.88e+00,9900,-0.06,0.6,0.18
A0VI,1.9,2.68e+01,1.81e+00,9900,-0.06,1.6,1.18
A1Ia0,15.2,1.98e+05,1.62e+02,9707,-0.06,-8.1,-8.49
A1Ia,13.1,1.14e+05,1.23e+02,9707,-0.06,-7.5,-7.89
A1Ib,11.0,1.50e+04,4.46e+01,9707,-0.06,-5.3,-5.69
A1II,8.9,2.35e+03,1.79e+01,9650,-0.06,-3.3,-3.68
A1III,6.9,1.24e+02,4.10e+00,9650,-0.06,-0.1,-0.48
A1IV,4.8,7.11e+01,3.11e+00,9650,-0.06,0.5,0.12
A1V,2.7,4.92e+01,2.59e+00,9650,-0.06,0.9,0.52
A1VI,1.8,1.96e+01,1.63e+00,9650,-0.06,1.9,1.52
A2Ia0,14.5,2.10e+05,1.74e+02,9513,-0.05,-8.2,-8.56
A2Ia,12.5,1.21e+05,1.32e+02,9513,-0.05,-7.6,-7.96
A2Ib,10.5,1.33e+04,4.37e+01,9513,-0.05,-5.2,-5.56
A2II,8.5,2.07e+03,1.77e+01,9400,-0.05,-3.2,-3.54
A2III,6.5,9.90e+01,3.87e+00,9400,-0.05,0.1,-0.24
A2IV,4.5,5.70e+01,2.93e+00,9400,-0.05,0.7,0.36
A2V,2.5,3.94e+01,2.44e+00,9400,-0.05,1.1,0.76
A2VI,1.8,1.57e+01,1.54e+00,9400,-0.05,2.1,1.76
A3Ia0,13.9,2.24e+05,1.87e+02,9320,-0.05,-8.3,-8.63
A3Ia,12.0,1.29e+05,1.42e+02,9320,-0.05,-7.7,-8.03
A3Ib,10.0,1.29e+04,4.49e+01,9320,-0.05,-5.2,-5.53
A3II,8.1,1.66e+03,1.67e+01,9150,-0.04,-3.0,-3.30
A3III,6.2,8.71e+01,3.83e+00,9150,-0.04,0.2,-0.10
A3IV,4.3,4.17e+01,2.65e+00,9150,-0.04,1.0,0.70
A3V,2.4,2.89e+01,2.20e+00,9150,-0.04,1.4,1.10
A3VI,1.8,1.15e+01,1.39e+00,9150,-0.04,2.4,2.10
A4Ia0,13.2,2.39e+05,2.02e+02,9127,-0.04,-8.4,-8.70
A4Ia,11.4,1.38e+05,1.53e+02,9127,-0.04,-7.8,-8.10
A4Ib,9.5,1.14e+04,4.41e+01,9127,-0.04,-5.1,-5.40
A4II,7.7,1.46e+03,1.66e+01,8900,0.00,-2.9,-3.16
A4III,5.8,7.00e+01,3.63e+00,8900,0.00,0.4,0.14
A4IV,4.0,3.35e+01,2.51e+00,8900,0.00,1.2,0.94
A4V,2.1,2.32e+01,2.09e+00,8900,0.00,1.6,1.34
A4VI,1.7,9.23e+00,1.32e+00,8900,0.00,2.6,2.34
A5Ia0,12.6,2.55e+05,2.17e+02,8933,-0.00,-8.5,-8.77
A5Ia,10.8,1.61e+05,1.73e+02,8933,-0.00,-8.0,-8.27
A5Ib,9.0,1.11e+04,4.54e+01,8933,-0.00,-5.1,-5.37
A5II,7.2,1.29e+03,1.65e+01,8650,0.05,-2.8,-3.03
A5III,5.4,5.64e+01,3.45e+00,8650,0.05,0.6,0.37
A5IV,3.7,2.70e+01,2.38e+00,8650,0.05,1.4,1.17
A5V,1.9,1.70e+01,1.89e+00,8650,0.05,1.9,1.67
A5VI,1.6,6.78e+00,1.20e+00,8650,0.05,2.9,2.67
A6Ia0,12.6,2.49e+05,2.24e+02,8740,0.03,-8.5,-8.74
A6Ia,10.8,1.89e+05,1.95e+02,8740,0.03,-8.2,-8.44
A6Ib,9.0,1.09e+04,4.69e+01,8740,0.03,-5.1,-5.34
A6II,7.2,1.14e+03,1.65e+01,8400,0.09,-2.7,-2.90
A6III,5.4,4.55e+01,3.28e+00,8400,0.09,0.8,0.60
A6IV,3.6,2.18e+01,2.27e+00,8400,0.09,1.6,1.40
A6V,1.8,1.51e+01,1.89e+00,8400,0.09,2.0,1.80
A6VI,1.6,5.47e+00,1.14e+00,8400,0.09,3.1,2.90
A7Ia0,12.6,2.67e+05,2.43e+02,8547,0.07,-8.6,-8.81
A7Ia,10.8,2.22e+05,2.21e+02,8547,0.07,-8.4,-8.61
A7Ib,9.0,1.06e+04,4.84e+01,8547,0.07,-5.1,-5.31
A7II,7.2,1.11e+03,1.72e+01,8150,0.14,-2.7,-2.87
A7III,5.4,3.68e+01,3.14e+00,8150,0.14,1.0,0.83
A7IV,3.6,1.93e+01,2.27e+00,8150,0.14,1.7,1.53
A7V,1.8,1.22e+01,1.81e+00,8150,0.14,2.2,02.03
A7VI,1.5,4.43e+00,1.09e+00,8150,0.14,3.3,3.13
A8Ia0,12.6,2.60e+05,2.51e+02,8353,0.10,-8.6,-8.79
A8Ia,10.8,2.38e+05,2.40e+02,8353,0.10,-8.5,-8.69
A8Ib,9.0,1.04e+04,5.01e+01,8353,0.10,-5.1,-5.29
A8II,7.2,9.90e+02,1.73e+01,7900,0.19,-2.6,-2.74
A8III,5.4,3.28e+01,3.15e+00,7900,0.19,1.1,0.96
A8IV,3.6,1.57e+01,2.18e+00,7900,0.19,1.9,1.76
A8V,1.8,1.09e+01,1.81e+00,7900,0.19,2.3,2.16
A8VI,1.5,3.59e+00,1.04e+00,7900,0.19,3.5,3.36
A9Ia0,12.6,2.80e+05,2.73e+02,8160,0.14,-8.7,-8.87
A9Ia,10.8,2.33e+05,2.49e+02,8160,0.14,-8.5,-8.67
A9Ib,9.0,1.02e+04,5.20e+01,8160,0.14,-5.1,-5.27
A9II,7.1,9.70e+02,1.83e+01,7650,0.24,-2.6,-2.72
A9III,5.3,2.67e+01,3.03e+00,7650,0.24,1.3,1.18
A9IV,3.5,1.40e+01,2.20e+00,7650,0.24,2.0,1.88
A9V,1.7,8.85e+00,1.75e+00,7650,0.24,2.5,2.38
A9VI,1.4,2.93e+00,1.00e+00,7650,0.24,3.7,3.58
F0Ia0,12.6,2.74e+05,2.83e+02,7967,0.18,-8.7,-8.85
F0Ia,10.8,2.28e+05,2.58e+02,7967,0.18,-8.5,-8.65
F0Ib,8.9,9.96e+03,5.40e+01,7967,0.18,-5.1,-5.25
F0II,7.1,8.70e+02,1.85e+01,7400,0.30,-2.5,-2.60
F0III,5.3,2.19e+01,2.93e+00,7400,0.30,1.5,1.40
F0IV,3.4,1.15e+01,2.12e+00,7400,0.30,2.2,2.10
F0V,1.6,7.94e+00,1.77e+00,7400,0.30,2.6,2.50
F0VI,1.4,2.40e+00,9.71e-01,7400,0.30,3.9,3.80
F1Ia0,12.1,2.96e+05,3.09e+02,7773,0.22,-8.8,-8.93
F1Ia,10.3,2.24e+05,2.69e+02,7773,0.22,-8.5,-8.63
F1Ib,8.6,9.79e+03,5.62e+01,7773,0.22,-5.1,-5.23
F1II,6.8,8.65e+02,1.92e+01,7260,0.33,-2.5,-2.59
F1III,5.1,2.17e+01,3.04e+00,7260,0.33,1.5,1.41
F1IV,3.3,1.25e+01,2.30e+00,7260,0.33,2.1,02.01
F1V,1.6,6.56e+00,1.67e+00,7260,0.33,2.8,2.71
F1VI,1.3,1.98e+00,9.17e-01,7260,0.33,4.1,04.01
F2Ia0,11.6,2.91e+05,3.23e+02,7580,0.26,-8.8,-8.91
F2Ia,9.9,2.02e+05,2.68e+02,7580,0.26,-8.4,-8.51
F2Ib,8.2,8.80e+03,5.61e+01,7580,0.26,-5.0,-5.11
F2II,6.5,8.60e+02,1.99e+01,7120,0.36,-2.5,-2.59
F2III,4.9,1.97e+01,3.01e+00,7120,0.36,1.6,1.51
F2IV,3.2,1.49e+01,2.62e+00,7120,0.36,1.9,1.81
F2V,1.5,5.95e+00,1.65e+00,7120,0.36,2.9,2.81
F2VI,1.3,1.64e+00,8.67e-01,7120,0.36,4.3,4.21
F3Ia0,11.0,3.16e+05,3.54e+02,7387,0.30,-8.9,-9.00
F3Ia,9.4,1.99e+05,2.81e+02,7387,0.30,-8.4,-8.50
F3Ib,7.9,8.70e+03,5.87e+01,7387,0.30,-5.0,-5.10
F3II,6.3,7.82e+02,1.97e+01,6980,0.39,-2.4,-2.48
F3III,4.7,1.96e+01,3.12e+00,6980,0.39,1.6,1.52
F3IV,3.1,1.63e+01,2.85e+00,6980,0.39,1.8,1.72
F3V,1.5,4.94e+00,1.57e+00,6980,0.39,3.1,03.02
F3VI,1.2,1.49e+00,8.60e-01,6980,0.39,4.4,4.32
F4Ia0,10.5,3.43e+05,3.89e+02,7193,0.34,-9.0,-9.09
F4Ia,9.0,1.80e+05,2.82e+02,7193,0.34,-8.3,-8.39
F4Ib,7.5,7.86e+03,5.89e+01,7193,0.34,-4.9,-4.99
F4II,6.0,7.81e+02,2.05e+01,6840,0.42,-2.4,-2.48
F4III,4.5,1.96e+01,3.25e+00,6840,0.42,1.6,1.52
F4IV,3.0,1.96e+01,3.25e+00,6840,0.42,1.6,1.52
F4V,1.4,4.50e+00,1.56e+00,6840,0.42,3.2,3.12
F4VI,1.1,1.24e+00,8.17e-01,6840,0.42,4.6,4.52
F5Ia0,10.0,3.74e+05,4.29e+02,7000,0.39,-9.1,-9.18
F5Ia,8.6,1.63e+05,2.83e+02,7000,0.39,-8.2,-8.28
F5Ib,7.1,7.82e+03,6.20e+01,7000,0.39,-4.9,-4.98
F5II,5.7,7.83e+02,2.14e+01,6700,0.46,-2.4,-2.48
F5III,4.3,2.16e+01,3.55e+00,6700,0.46,1.5,1.42
F5IV,2.8,2.16e+01,3.55e+00,6700,0.46,1.5,1.42
F5V,1.4,3.75e+00,1.48e+00,6700,0.46,3.4,3.32
F5VI,1.1,1.03e+00,7.77e-01,6700,0.46,4.8,4.72
F6Ia0,10.0,3.74e+05,4.60e+02,6760,0.44,-9.1,-9.18
F6Ia,8.6,1.49e+05,2.90e+02,6760,0.44,-8.1,-8.18
F6Ib,7.1,7.82e+03,6.64e+01,6760,0.44,-4.9,-4.98
F6II,5.7,7.86e+02,2.24e+01,6560,0.49,-2.4,-2.49
F6III,4.2,2.37e+01,3.89e+00,6560,0.49,1.4,1.31
F6IV,2.8,1.64e+01,3.23e+00,6560,0.49,1.8,1.71
F6V,1.3,3.13e+00,1.41e+00,6560,0.49,3.6,3.51
F6VI,1.0,8.62e-01,7.41e-01,6560,0.49,5.0,4.91
F7Ia0,10.0,4.13e+05,5.19e+02,6520,0.50,-9.2,-9.29
F7Ia,8.5,1.37e+05,2.99e+02,6520,0.50,-8.0,-8.09
F7Ib,7.1,7.18e+03,6.84e+01,6520,0.50,-4.8,-4.89
F7II,5.6,7.91e+02,2.34e+01,6420,0.52,-2.4,-2.50
F7III,4.2,2.62e+01,4.26e+00,6420,0.52,1.3,1.20
F7IV,2.7,1.25e+01,2.95e+00,6420,0.52,2.1,2.00
F7V,1.3,2.62e+00,1.35e+00,6420,0.52,3.8,3.70
F7VI,1.0,7.91e-01,7.41e-01,6420,0.52,5.1,5.00
F8Ia0,10.0,4.19e+05,5.64e+02,6280,0.56,-9.2,-9.31
F8Ia,8.5,1.27e+05,3.10e+02,6280,0.56,-7.9,-8.01
F8Ib,7.1,7.29e+03,7.43e+01,6280,0.56,-4.8,-4.91
F8II,5.6,7.29e+02,2.35e+01,6280,0.56,-2.3,-2.41
F8III,4.1,2.90e+01,4.69e+00,6280,0.56,1.2,01.09
F8IV,2.7,1.05e+01,2.83e+00,6280,0.56,2.3,2.19
F8V,1.2,2.41e+00,1.35e+00,6280,0.56,3.9,3.79
F8VI,1.0,6.65e-01,7.10e-01,6280,0.56,5.3,5.19
F9Ia0,10.0,4.73e+05,6.54e+02,6011,0.63,-9.3,-9.44
F9Ia,8.5,1.30e+05,3.43e+02,6011,0.63,-7.9,-8.04
F9Ib,7.0,6.84e+03,7.86e+01,6011,0.63,-4.7,-4.84
F9II,5.6,7.39e+02,2.48e+01,6140,0.60,-2.3,-2.42
F9III,4.1,3.22e+01,5.17e+00,6140,0.60,1.1,0.98
F9IV,2.6,8.10e+00,2.59e+00,6140,0.60,2.6,2.48
F9V,1.1,2.03e+00,1.30e+00,6140,0.60,4.1,3.98
F9VI,0.9,6.14e-01,7.14e-01,6140,0.60,5.4,5.28
G0Ia0,10.0,4.95e+05,7.32e+02,5743,0.70,-9.3,-9.49
G0Ia,6.3,1.24e+05,3.67e+02,5743,0.70,-7.8,-7.99
G0Ib,2.5,7.15e+03,8.81e+01,5743,0.70,-4.7,-4.89
G0II,2.1,7.84e+02,2.92e+01,5743,0.70,-2.3,-2.49
G0III,1.8,3.75e+01,6.38e+00,5743,0.70,1.0,0.81
G0IV,1.4,6.25e+00,2.38e+00,6000,0.63,2.9,2.76
G0V,1.1,1.72e+00,1.25e+00,6000,0.63,4.3,4.16
G0VI,0.9,5.20e-01,6.88e-01,6000,0.63,5.6,5.46
G1Ia0,10.5,5.27e+05,8.32e+02,5474,0.78,-9.3,-9.55
G1Ia,6.6,1.32e+05,4.17e+02,5474,0.78,-7.8,-8.05
G1Ib,2.6,7.62e+03,1.00e+02,5474,0.78,-4.7,-4.95
G1II,2.2,8.35e+02,3.31e+01,5474,0.78,-2.3,-2.55
G1III,1.8,4.38e+01,7.59e+00,5474,0.78,0.9,0.65
G1IV,1.4,6.35e+00,2.50e+00,5890,0.66,2.9,2.74
G1V,1.0,1.46e+00,1.19e+00,5890,0.66,4.5,4.34
G1VI,0.9,4.40e-01,6.56e-01,5890,0.66,5.8,5.64
G2Ia0,11.0,5.73e+05,9.59e+02,5206,0.86,-9.3,-9.65
G2Ia,6.9,1.31e+05,4.59e+02,5206,0.86,-7.7,-8.05
G2Ib,2.8,8.29e+03,1.15e+02,5206,0.86,-4.7,-5.05
G2II,2.3,9.09e+02,3.82e+01,5206,0.86,-2.3,-2.65
G2III,1.9,5.23e+01,9.16e+00,5206,0.86,0.8,0.45
G2IV,1.4,6.48e+00,2.62e+00,5780,0.69,2.9,2.72
G2V,1.0,1.23e+00,1.14e+00,5780,0.69,4.7,4.52
G2VI,0.9,3.73e-01,6.28e-01,5780,0.69,6.0,5.82
G3Ia0,11.5,7.03e+05,1.18e+03,4937,0.94,-9.4,-9.87
G3Ia,7.2,1.47e+05,5.40e+02,4937,0.94,-7.7,-8.17
G3Ib,2.9,8.46e+03,1.30e+02,4937,0.94,-4.6,-5.07
G3II,2.4,1.11e+03,4.70e+01,4937,0.94,-2.4,-2.87
G3III,1.9,7.03e+01,1.18e+01,4937,0.94,0.6,0.13
G3IV,1.5,6.04e+00,2.63e+00,5670,0.72,3.0,2.80
G3V,1.0,1.15e+00,1.15e+00,5670,0.72,4.8,4.60
G3VI,0.8,3.48e-01,6.30e-01,5670,0.72,6.1,5.90
G4Ia0,12.0,8.13e+05,1.42e+03,4669,01.03,-9.4,-10.02
G4Ia,7.5,1.70e+05,6.49e+02,4669,01.03,-7.7,-8.32
G4Ib,3.0,9.77e+03,1.56e+02,4669,01.03,-4.6,-5.22
G4II,2.5,1.29e+03,5.65e+01,4669,01.03,-2.4,-3.02
G4III,2.0,8.91e+01,1.49e+01,4669,01.03,0.5,-0.12
G4IV,1.5,6.20e+00,2.76e+00,5560,0.75,3.0,2.77
G4V,0.9,9.82e-01,1.10e+00,5560,0.75,5.0,4.77
G4VI,0.8,2.97e-01,6.05e-01,5560,0.75,6.3,06.07
G5Ia0,12.5,1.07e+06,1.84e+03,4400,1.13,-9.5,-10.33
G5Ia,7.8,1.86e+05,7.66e+02,4400,1.13,-7.6,-8.43
G5Ib,3.2,1.18e+04,1.92e+02,4400,1.13,-4.6,-5.43
G5II,2.6,1.55e+03,6.99e+01,4400,1.13,-2.4,-3.23
G5III,2.0,1.18e+02,1.92e+01,4400,1.13,0.4,-0.43
G5IV,1.5,6.38e+00,2.92e+00,5450,0.79,3.0,2.74
G5V,0.9,8.41e-01,1.06e+00,5450,0.79,5.2,4.94
G5VI,0.8,2.54e-01,5.83e-01,5450,0.79,6.5,6.24
G6Ia0,12.5,1.12e+06,1.93e+03,4343,1.15,-9.5,-10.38
G6Ia,7.9,1.95e+05,8.04e+02,4343,1.15,-7.6,-8.48
G6Ib,3.3,1.23e+04,2.02e+02,4343,1.15,-4.6,-5.48
G6II,2.7,1.62e+03,7.33e+01,4343,1.15,-2.4,-3.28
G6III,2.1,1.23e+02,2.02e+01,4343,1.15,0.4,-0.48
G6IV,1.5,6.59e+00,3.09e+00,5340,0.82,3.0,2.70
G6V,0.9,7.92e-01,1.07e+00,5340,0.82,5.3,5.00
G6VI,0.8,2.18e-01,5.62e-01,5340,0.82,6.7,6.40
G7Ia0,12.5,1.18e+06,2.03e+03,4286,1.17,-9.5,-10.43
G7Ia,8.0,2.05e+05,8.46e+02,4286,1.17,-7.6,-8.53
G7Ib,3.5,1.29e+04,2.12e+02,4286,1.17,-4.6,-5.53
G7II,2.8,1.70e+03,7.71e+01,4286,1.17,-2.4,-3.33
G7III,2.2,1.29e+02,2.12e+01,4286,1.17,0.4,-0.53
G7IV,1.5,6.84e+00,3.28e+00,5230,0.85,3.0,2.66
G7V,0.9,6.84e-01,1.04e+00,5230,0.85,5.5,5.16
G7VI,0.7,2.06e-01,5.70e-01,5230,0.85,6.8,6.46
G8Ia0,12.5,1.13e+06,2.04e+03,4229,1.19,-9.4,-10.38
G8Ia,8.1,1.96e+05,8.51e+02,4229,1.19,-7.5,-8.48
G8Ib,3.6,1.49e+04,2.34e+02,4229,1.19,-4.7,-5.68
G8II,2.9,1.96e+03,8.51e+01,4229,1.19,-2.5,-3.48
G8III,2.2,1.24e+02,2.14e+01,4229,1.19,0.5,-0.48
G8IV,1.5,6.50e+00,3.34e+00,5120,0.89,3.1,2.72
G8V,0.8,6.50e-01,1.06e+00,5120,0.89,5.6,5.22
G8VI,0.7,1.79e-01,5.54e-01,5120,0.89,7.0,6.62
G9Ia0,12.5,1.19e+06,2.16e+03,4171,1.21,-9.4,-10.44
G9Ia,8.1,2.07e+05,8.98e+02,4171,1.21,-7.5,-8.54
G9Ib,3.8,1.57e+04,2.47e+02,4171,1.21,-4.7,-5.74
G9II,3.0,2.07e+03,8.98e+01,4171,1.21,-2.5,-3.54
G9III,2.3,1.31e+02,2.26e+01,4171,1.21,0.5,-0.54
G9IV,1.6,6.80e+00,3.57e+00,5010,0.92,3.1,2.67
G9V,0.8,5.66e-01,1.03e+00,5010,0.92,5.8,5.37
G9VI,0.7,1.71e-01,5.66e-01,5010,0.92,7.1,6.67
K0Ia0,12.5,1.26e+06,2.28e+03,4114,1.24,-9.4,-10.50
K0Ia,8.2,2.19e+05,9.50e+02,4114,1.24,-7.5,-8.60
K0Ib,3.9,1.66e+04,2.62e+02,4114,1.24,-4.7,-5.80
K0II,3.1,2.19e+03,9.50e+01,4114,1.24,-2.5,-3.60
K0III,2.3,1.38e+02,2.39e+01,4114,1.24,0.5,-0.60
K0IV,1.6,7.16e+00,3.83e+00,4900,0.96,3.1,2.61
K0V,0.8,5.43e-01,1.05e+00,4900,0.96,5.9,5.41
K0VI,0.7,1.50e-01,5.53e-01,4900,0.96,7.3,6.81
K1Ia0,12.5,1.22e+06,2.30e+03,4057,1.26,-9.3,-10.47
K1Ia,8.3,2.12e+05,9.60e+02,4057,1.26,-7.4,-8.57
K1Ib,4.1,1.76e+04,2.77e+02,4057,1.26,-4.7,-5.87
K1II,3.3,2.32e+03,1.01e+02,4057,1.26,-2.5,-3.67
K1III,2.4,1.61e+02,2.64e+01,4057,1.26,0.4,-0.77
K1IV,1.6,7.71e+00,4.21e+00,4760,1.00,3.1,2.53
K1V,0.8,4.43e-01,1.01e+00,4760,1.00,6.2,5.63
K1VI,0.6,1.34e-01,5.55e-01,4760,1.00,7.5,6.93
K2Ia0,13.3,1.30e+06,2.44e+03,4000,1.28,-9.3,-10.53
K2Ia,8.8,2.25e+05,1.02e+03,4000,1.28,-7.4,-8.63
K2Ib,4.3,2.06e+04,3.08e+02,4000,1.28,-4.8,-6.03
K2II,3.4,2.47e+03,1.07e+02,4000,1.28,-2.5,-3.73
K2III,2.5,2.06e+02,3.08e+01,4000,1.28,0.2,-1.03
K2IV,1.6,8.38e+00,4.66e+00,4620,01.05,3.1,2.44
K2V,0.7,4.01e-01,1.02e+00,4620,01.05,6.4,5.74
K2VI,0.6,1.21e-01,5.60e-01,4620,01.05,7.7,07.04
K3Ia0,14.2,1.46e+06,2.72e+03,3900,1.32,-9.3,-10.66
K3Ia,9.4,2.53e+05,1.14e+03,3900,1.32,-7.4,-8.76
K3Ib,4.6,2.53e+04,3.59e+02,3900,1.32,-4.9,-6.26
K3II,3.6,2.77e+03,1.19e+02,3900,1.32,-2.5,-3.86
K3III,2.6,2.53e+02,3.59e+01,3900,1.32,0.1,-1.26
K3IV,1.7,9.22e+00,5.19e+00,4480,1.10,3.1,2.34
K3V,0.7,3.35e-01,9.90e-01,4480,1.10,6.7,5.94
K3VI,0.6,1.01e-01,5.44e-01,4480,1.10,8.0,7.24
K4Ia0,15.0,1.65e+06,3.06e+03,3800,1.36,-9.3,-10.80
K4Ia,9.9,2.62e+05,1.22e+03,3800,1.36,-7.3,-8.80
K4Ib,4.8,3.15e+04,4.22e+02,3800,1.36,-5.0,-6.50
K4II,3.8,3.15e+03,1.33e+02,3800,1.36,-2.5,-4.00
K4III,2.7,3.45e+02,4.42e+01,3800,1.36,-0.1,-1.60
K4IV,1.7,1.03e+01,5.84e+00,4340,1.15,3.1,2.22
K4V,0.7,3.10e-01,1.02e+00,4340,1.15,6.9,06.02
K4VI,0.5,9.36e-02,5.58e-01,4340,1.15,8.2,7.32
K5Ia0,15.8,1.90e+06,3.46e+03,3700,1.41,-9.3,-10.95
K5Ia,10.4,3.01e+05,1.38e+03,3700,1.41,-7.3,-8.95
K5Ib,5.0,3.96e+04,4.99e+02,3700,1.41,-5.1,-6.75
K5II,3.9,3.62e+03,1.51e+02,3700,1.41,-2.5,-4.15
K5III,2.8,4.35e+02,5.23e+01,3700,1.41,-0.2,-1.85
K5IV,1.8,1.06e+01,6.33e+00,4200,1.20,3.2,2.19
K5V,0.7,2.66e-01,1.00e+00,4200,1.20,7.2,6.19
K5VI,0.5,8.80e-02,5.78e-01,4200,1.20,8.4,7.39
K6Ia0,15.8,1.85e+06,3.38e+03,3717,1.40,-9.3,-10.92
K6Ia,10.6,2.94e+05,1.35e+03,3717,1.40,-7.3,-8.92
K6Ib,5.3,4.24e+04,5.12e+02,3717,1.40,-5.2,-6.82
K6II,4.2,3.53e+03,1.48e+02,3717,1.40,-2.5,-4.12
K6III,3.0,4.65e+02,5.36e+01,3717,1.40,-0.3,-1.92
K6IV,1.8,1.22e+01,7.26e+00,4060,1.26,3.2,02.04
K6V,0.6,2.11e-01,9.57e-01,4060,1.26,7.6,6.44
K6VI,0.5,7.67e-02,5.77e-01,4060,1.26,8.7,7.54
K7Ia0,15.8,1.81e+06,3.32e+03,3733,1.39,-9.3,-10.89
K7Ia,10.7,2.62e+05,1.26e+03,3733,1.39,-7.2,-8.79
K7Ib,5.7,4.55e+04,5.26e+02,3733,1.39,-5.3,-6.89
K7II,4.4,3.45e+03,1.45e+02,3733,1.39,-2.5,-4.09
K7III,3.1,4.99e+02,5.50e+01,3733,1.39,-0.4,-1.99
K7IV,1.9,1.42e+01,8.43e+00,3920,1.31,3.2,1.87
K7V,0.6,1.87e-01,9.67e-01,3920,1.31,7.9,6.57
K7VI,0.4,6.80e-02,5.83e-01,3920,1.31,9.0,7.67
K8Ia0,15.8,1.77e+06,3.25e+03,3750,1.38,-9.3,-10.87
K8Ia,10.9,2.56e+05,1.23e+03,3750,1.38,-7.2,-8.77
K8Ib,6.0,4.44e+04,5.15e+02,3750,1.38,-5.3,-6.87
K8II,4.6,3.69e+03,1.48e+02,3750,1.38,-2.6,-4.17
K8III,3.3,5.34e+02,5.64e+01,3750,1.38,-0.5,-2.07
K8IV,1.9,1.70e+01,9.90e+00,3780,1.37,3.2,1.68
K8V,0.6,1.55e-01,9.46e-01,3780,1.37,8.3,6.78
K8VI,0.3,5.62e-02,5.70e-01,3780,1.37,9.4,7.88
K9Ia0,15.8,1.83e+06,3.35e+03,3725,1.39,-9.3,-10.91
K9Ia,11.1,2.65e+05,1.27e+03,3725,1.39,-7.2,-8.81
K9Ib,6.3,5.04e+04,5.56e+02,3725,1.39,-5.4,-7.01
K9II,4.9,3.83e+03,1.53e+02,3725,1.39,-2.6,-4.21
K9III,3.4,6.06e+02,6.09e+01,3725,1.39,-0.6,-2.21
K9IV,2.0,2.07e+01,1.18e+01,3640,1.43,3.2,1.46
K9V,0.5,1.44e-01,9.82e-01,3640,1.43,8.6,6.86
K9VI,0.3,4.33e-02,5.40e-01,3640,1.43,9.9,8.16
M0Ia0,15.8,1.90e+06,3.46e+03,3700,1.41,-9.3,-10.95
M0Ia,13.3,2.74e+05,1.31e+03,3700,1.41,-7.2,-8.85
M0Ib,10.7,5.73e+04,6.00e+02,3700,1.41,-5.5,-7.15
M0II,8.2,3.96e+03,1.58e+02,3700,1.41,-2.6,-4.25
M0III,5.6,6.89e+02,6.58e+01,3700,1.41,-0.7,-2.35
M0IV,3.1,2.60e+01,1.43e+01,3500,1.49,3.2,1.21
M0V,0.5,1.25e-01,9.90e-01,3500,1.49,9.0,07.01
M0VI,0.2,3.76e-02,5.44e-01,3500,1.49,10.3,8.31
M1Ia0,15.1,2.56e+06,4.46e+03,3510,1.49,-9.3,-11.27
M1Ia,12.7,3.37e+05,1.62e+03,3510,1.49,-7.1,-9.07
M1Ib,10.2,7.73e+04,7.75e+02,3510,1.49,-5.5,-7.47
M1II,7.8,5.86e+03,2.13e+02,3510,1.49,-2.7,-4.67
M1III,5.3,9.29e+02,8.50e+01,3510,1.49,-0.7,-2.67
M1IV,2.9,3.55e+01,1.84e+01,3333,1.57,3.2,0.87
M1V,0.5,6.18e-02,7.68e-01,3333,1.57,10.1,7.77
M1VI,0.2,1.86e-02,4.22e-01,3333,1.57,11.4,09.07
M2Ia0,14.5,3.65e+06,5.95e+03,3320,1.58,-9.3,-11.66
M2Ia,12.1,4.81e+05,2.16e+03,3320,1.58,-7.1,-9.46
M2Ib,9.8,1.10e+05,1.03e+03,3320,1.58,-5.5,-7.86
M2II,7.4,8.36e+03,2.85e+02,3320,1.58,-2.7,-5.06
M2III,5.1,1.21e+03,1.08e+02,3320,1.58,-0.6,-2.96
M2IV,2.7,5.09e+01,2.44e+01,3167,1.65,3.2,0.48
M2V,0.4,3.21e-02,6.14e-01,3167,1.65,11.2,8.48
M2VI,0.2,8.85e-03,3.22e-01,3167,1.65,12.6,9.88
M3Ia0,13.8,5.07e+06,7.89e+03,3130,1.67,-9.2,-12.01
M3Ia,11.6,7.33e+05,3.00e+03,3130,1.67,-7.1,-9.91
M3Ib,9.3,1.68e+05,1.44e+03,3130,1.67,-5.5,-8.31
M3II,7.1,1.40e+04,4.14e+02,3130,1.67,-2.8,-5.61
M3III,4.8,1.84e+03,1.50e+02,3130,1.67,-0.6,-3.41
M3IV,2.6,7.76e+01,3.36e+01,3000,1.74,3.2,0.02
M3V,0.3,1.78e-02,5.09e-01,3000,1.74,12.3,9.12
M3VI,0.2,4.90e-03,2.67e-01,3000,1.74,13.7,10.52
M4Ia0,13.2,8.38e+06,1.15e+04,2940,1.77,-9.2,-12.56
M4Ia,11.0,1.10e+06,4.18e+03,2940,1.77,-7.0,-10.36
M4Ib,8.9,2.77e+05,2.09e+03,2940,1.77,-5.5,-8.86
M4II,6.7,2.31e+04,6.04e+02,2940,1.77,-2.8,-6.16
M4III,4.6,2.77e+03,2.09e+02,2940,1.77,-0.5,-3.86
M4IV,2.4,1.27e+02,4.83e+01,2833,1.83,3.2,-0.51
M4V,0.3,1.06e-02,4.40e-01,2833,1.83,13.4,9.69
M4VI,0.1,2.66e-03,2.21e-01,2833,1.83,14.9,11.19
M5Ia0,12.5,1.53e+07,1.78e+04,2750,1.88,-9.2,-13.21
M5Ia,10.5,2.02e+06,6.45e+03,2750,1.88,-7.0,-11.01
M5Ib,8.4,5.07e+05,3.23e+03,2750,1.88,-5.5,-9.51
M5II,6.4,4.62e+04,9.76e+02,2750,1.88,-2.9,-6.91
M5III,4.3,5.07e+03,3.23e+02,2750,1.88,-0.5,-4.51
M5IV,2.3,2.07e+02,6.94e+01,2667,1.93,3.3,-1.04
M5V,0.2,6.24e-03,3.81e-01,2667,1.93,14.6,10.26
M5VI,0.1,1.72e-03,2.00e-01,2667,1.93,16.0,11.66
M6Ia0,12.4,2.88e+07,2.81e+04,2560,2.00,-9.1,-13.90
M6Ia,10.3,4.17e+06,1.07e+04,2560,2.00,-7.0,-11.80
M6Ib,8.3,9.55e+05,5.12e+03,2560,2.00,-5.4,-10.20
M6II,6.3,9.55e+04,1.62e+03,2560,2.00,-2.9,-7.70
M6III,4.2,9.55e+03,5.12e+02,2560,2.00,-0.4,-5.20
M6IV,2.2,4.10e+02,1.11e+02,2500,02.03,3.3,-1.78
M6V,0.2,4.50e-03,3.68e-01,2500,02.03,15.7,10.62
M6VI,0.1,1.63e-03,2.22e-01,2500,02.03,16.8,11.72
M7Ia0,12.3,6.96e+07,5.10e+04,2370,2.12,-9.1,-14.86
M7Ia,10.2,9.18e+06,1.85e+04,2370,2.12,-6.9,-12.66
M7Ib,8.2,2.10e+06,8.87e+03,2370,2.12,-5.3,-11.06
M7II,6.2,2.53e+05,3.07e+03,2370,2.12,-3.0,-8.76
M7III,4.2,2.10e+04,8.87e+02,2370,2.12,-0.3,-6.06
M7IV,2.1,9.26e+02,1.92e+02,2333,2.14,3.3,-2.67
M7V,0.1,3.69e-03,3.83e-01,2333,2.14,16.8,10.83
M7VI,0.1,1.94e-03,2.78e-01,2333,2.14,17.5,11.53
M8Ia0,12.1,2.05e+08,1.03e+05,2180,2.25,-9.1,-16.03
M8Ia,10.1,2.70e+07,3.76e+04,2180,2.25,-6.9,-13.83
M8Ib,8.1,5.15e+06,1.64e+04,2180,2.25,-5.1,-12.03
M8II,6.1,7.44e+05,6.23e+03,2180,2.25,-3.0,-9.93
M8III,4.1,5.15e+04,1.64e+03,2180,2.25,-0.1,-7.03
M8IV,2.1,2.44e+03,3.61e+02,2167,2.26,3.3,-3.72
M8V,0.1,3.53e-03,4.34e-01,2167,2.26,17.9,10.88
M8VI,0.1,2.44e-03,3.61e-01,2167,2.26,18.3,11.28
M9Ia0,12.0,7.11e+08,2.31e+05,1990,2.40,-9.0,-17.38
M9Ia,10.0,1.03e+08,8.79e+04,1990,2.40,-6.9,-15.28
M9Ib,8.0,1.79e+07,3.67e+04,1990,2.40,-5.0,-13.38
M9II,6.0,2.83e+06,1.46e+04,1990,2.40,-3.0,-11.38
M9III,4.1,1.79e+05,3.67e+03,1990,2.40,0.0,-8.38
M9IV,2.1,7.91e+03,7.64e+02,2000,2.39,3.3,-5.00
M9V,0.1,4.15e-03,5.53e-01,2000,2.39,19.0,10.70
M9VI,0.1,4.15e-03,5.53e-01,2000,2.39,19.0,10.70